sample.id,median.value,paper.name
PICI0002_A00_K02109FP02_SSL_A06,0.94285715,Ki-67- Tregs (% of Tregs)
PICI0002_A08_K01766FP01_SSL_A10,0.98262955,Ki-67- Tregs (% of Tregs)
BK00286BL01-13,0.9375,Ki-67- Tregs (% of Tregs)
BK00254BL01-13,0.9328063449999999,Ki-67- Tregs (% of Tregs)
BK00506TS12,0.75,Ki-67- Tregs (% of Tregs)
BK00309BL01-13,0.92742292,Ki-67- Tregs (% of Tregs)
BK00496TS13,0.85714287,Ki-67- Tregs (% of Tregs)
BK00529BL01-13,0.8640777,Ki-67- Tregs (% of Tregs)
BK01236BL01-13,0.79577464,Ki-67- Tregs (% of Tregs)
K02142FP02_SSL_A04,1,Ki-67- Tregs (% of Tregs)
BK00275BL01-13,0.9411765,Ki-67- Tregs (% of Tregs)
BK02569BL01-13,0.83333335,Ki-67- Tregs (% of Tregs)
BK02577TS01-13,0.97727272,Ki-67- Tregs (% of Tregs)
BK02580TS02,0.85322896,Ki-67- Tregs (% of Tregs)
BK02568BL01-13,0.85630342,Ki-67- Tregs (% of Tregs)
BK02579SL13,0.9166667,Ki-67- Tregs (% of Tregs)
OSP19-2304S31COLH,1,Ki-67- Tregs (% of Tregs)
BK02527TS02,1,Ki-67- Tregs (% of Tregs)
BK02598BL02-2,1,Ki-67- Tregs (% of Tregs)
K03323FP04_SL02,0.84646403,Ki-67- Tregs (% of Tregs)
PICI0002_A00_K02121FP01_SSL_A13,0.9318182,Ki-67- Tregs (% of Tregs)
BK00583TS13,0.9474734,Ki-67- Tregs (% of Tregs)
BK00397TS13,1,Ki-67- Tregs (% of Tregs)
BK00178BL01-12,0.8,Ki-67- Tregs (% of Tregs)
BK02565TS13,0.93702939,Ki-67- Tregs (% of Tregs)
BK00287BL01-12,0.94736844,Ki-67- Tregs (% of Tregs)
BK00463BL01-13,0.6875,Ki-67- Tregs (% of Tregs)
BK00594BL01-12,0.9519626299999999,Ki-67- Tregs (% of Tregs)
BK00573BL02_SL04,0.8722826,Ki-67- Tregs (% of Tregs)
BK12442SL03,1,Ki-67- Tregs (% of Tregs)
BK00595TS13,0.96169773,Ki-67- Tregs (% of Tregs)
BK02572TS13,1,Ki-67- Tregs (% of Tregs)
BK00177TS13,0.9574468,Ki-67- Tregs (% of Tregs)
BK00605TS03,0.88235295,Ki-67- Tregs (% of Tregs)
BK00572TS02,0.9153418,Ki-67- Tregs (% of Tregs)
BK02573TS12,0.9107143,Ki-67- Tregs (% of Tregs)
BK02561TS12,0.6,Ki-67- Tregs (% of Tregs)
BK02574TS12,0.85714287,Ki-67- Tregs (% of Tregs)
BK02563TS14,0.875,Ki-67- Tregs (% of Tregs)
BK02570TS13,1,Ki-67- Tregs (% of Tregs)
BK02571TS12,1,Ki-67- Tregs (% of Tregs)
BK12448SL13,1,Ki-67- Tregs (% of Tregs)
BK02564TS12,0.88557693,Ki-67- Tregs (% of Tregs)
BK12444SL12,1,Ki-67- Tregs (% of Tregs)
BK00451BL02_SL18,0.95833335,Ki-67- Tregs (% of Tregs)
BK00452BL01-14,0.7817460350000001,Ki-67- Tregs (% of Tregs)
BK00419BL01-13,0.715615635,Ki-67- Tregs (% of Tregs)
BK02567SL02,0.34210527,Ki-67- Tregs (% of Tregs)
BK02589BL01-13,0.4358787,Ki-67- Tregs (% of Tregs)
BK01180BL01-12,0.66666667,Ki-67- Tregs (% of Tregs)
BK02566BL02-13,1,Ki-67- Tregs (% of Tregs)
BK01179SL02,0.5,Ki-67- Tregs (% of Tregs)
K01119FP01-13,0.6741573,Ki-67- Tregs (% of Tregs)
PICI0002_A00_K02111FP01_SSL_A05,0.875022875,Ki-67- Tregs (% of Tregs)
BK00155TS06,0.81666665,Ki-67- Tregs (% of Tregs)
BK00385TS13,0.6666667,Ki-67- Tregs (% of Tregs)
BK00430TS13,0.8484849,Ki-67- Tregs (% of Tregs)
BK00441TS03,0.864367825,Ki-67- Tregs (% of Tregs)
BK00364TS13,0.5,Ki-67- Tregs (% of Tregs)
BK01182BL02-2,0.5,Ki-67- Tregs (% of Tregs)
BK00550BL01-13,1,Ki-67- Tregs (% of Tregs)
PICI0002_A00_K02147FP01_SSL_A04,0.703296715,Ki-67- Tregs (% of Tregs)
BK01184BL01-13,1,Ki-67- Tregs (% of Tregs)
BK01194TS11,0.9289216,Ki-67- Tregs (% of Tregs)
BK00078BL01-13,0.9161184,Ki-67- Tregs (% of Tregs)
BK02625BL01-13,0.9827585999999999,Ki-67- Tregs (% of Tregs)
BK00341BL01-12,0.5,Ki-67- Tregs (% of Tregs)
A263BQ483-001,0.6527778,Ki-67- Tregs (% of Tregs)
BK02630BL02-2,1,Ki-67- Tregs (% of Tregs)
A135BS721-001,0.9375,Ki-67- Tregs (% of Tregs)
K02145FP01-13,0.84444445,Ki-67- Tregs (% of Tregs)
BK02594BL01-13,0.96428573,Ki-67- Tregs (% of Tregs)
BK01178BL02-2,0.9285714350000001,Ki-67- Tregs (% of Tregs)
BK13862BL01_SL02,1,Ki-67- Tregs (% of Tregs)
BK00276SL02,0.83333335,Ki-67- Tregs (% of Tregs)
BK01199BL01_SL02,0.875,Ki-67- Tregs (% of Tregs)
BK01232SL02,1,Ki-67- Tregs (% of Tregs)
11217-051_1_1-13,0.9,Ki-67- Tregs (% of Tregs)
11217-052_1_1-12,0.5,Ki-67- Tregs (% of Tregs)
BK01190SL02,0.7647059,Ki-67- Tregs (% of Tregs)
BK00540BL01-13,0.77272725,Ki-67- Tregs (% of Tregs)
PS-19-00036411-A-33,0.8117647,Ki-67- Tregs (% of Tregs)
SP19 7131 A1-13,0.9,Ki-67- Tregs (% of Tregs)
A222BO498-001,0.89830506,Ki-67- Tregs (% of Tregs)
BK00473BL02-13,0.75,Ki-67- Tregs (% of Tregs)
BK00090BL02-13,1,Ki-67- Tregs (% of Tregs)
BK01183BL02-13,0.84210527,Ki-67- Tregs (% of Tregs)
BK02587TS02,0.98361293,Ki-67- Tregs (% of Tregs)
BK02593BL02-12,0.85714287,Ki-67- Tregs (% of Tregs)
PICI0002_A00_K02109FP02_SSL_A06,0.978622705,Ki-67- Foxp3- CD4+ T cells (% of CD4s)
PICI0002_A08_K01766FP01_SSL_A10,0.9960679699999999,Ki-67- Foxp3- CD4+ T cells (% of CD4s)
BK00286BL01-13,0.94736844,Ki-67- Foxp3- CD4+ T cells (% of CD4s)
BK00254BL01-13,0.9853801,Ki-67- Foxp3- CD4+ T cells (% of CD4s)
BK00506TS12,0.971068,Ki-67- Foxp3- CD4+ T cells (% of CD4s)
BK00309BL01-13,0.9575815649999999,Ki-67- Foxp3- CD4+ T cells (% of CD4s)
BK00496TS13,0.98261666,Ki-67- Foxp3- CD4+ T cells (% of CD4s)
BK00529BL01-13,0.96238244,Ki-67- Foxp3- CD4+ T cells (% of CD4s)
BK01236BL01-13,0.97349644,Ki-67- Foxp3- CD4+ T cells (% of CD4s)
K02142FP02_SSL_A04,0.97201765,Ki-67- Foxp3- CD4+ T cells (% of CD4s)
BK00275BL01-13,0.87073606,Ki-67- Foxp3- CD4+ T cells (% of CD4s)
BK02569BL01-13,0.9097651,Ki-67- Foxp3- CD4+ T cells (% of CD4s)
BK02577TS01-13,0.9828865,Ki-67- Foxp3- CD4+ T cells (% of CD4s)
BK02580TS02,0.89279898,Ki-67- Foxp3- CD4+ T cells (% of CD4s)
BK02568BL01-13,0.9594304,Ki-67- Foxp3- CD4+ T cells (% of CD4s)
BK02579SL13,0.9807621799999999,Ki-67- Foxp3- CD4+ T cells (% of CD4s)
BK00363BL02-2,0.9917355,Ki-67- Foxp3- CD4+ T cells (% of CD4s)
OSP19-2304S31COLH,0.98550725,Ki-67- Foxp3- CD4+ T cells (% of CD4s)
BK02527TS02,0.9830508,Ki-67- Foxp3- CD4+ T cells (% of CD4s)
BK02598BL02-2,0.9811321,Ki-67- Foxp3- CD4+ T cells (% of CD4s)
K03323FP04_SL02,0.960992305,Ki-67- Foxp3- CD4+ T cells (% of CD4s)
PICI0002_A00_K02121FP01_SSL_A13,0.9954338,Ki-67- Foxp3- CD4+ T cells (% of CD4s)
BK00583TS13,0.99581191,Ki-67- Foxp3- CD4+ T cells (% of CD4s)
BK00397TS13,0.99444585,Ki-67- Foxp3- CD4+ T cells (% of CD4s)
BK00178BL01-12,0.98755187,Ki-67- Foxp3- CD4+ T cells (% of CD4s)
BK02565TS13,0.983959555,Ki-67- Foxp3- CD4+ T cells (% of CD4s)
BK00287BL01-12,0.9731834,Ki-67- Foxp3- CD4+ T cells (% of CD4s)
BK00463BL01-13,0.96433565,Ki-67- Foxp3- CD4+ T cells (% of CD4s)
BK00594BL01-12,0.97992155,Ki-67- Foxp3- CD4+ T cells (% of CD4s)
BK00573BL02_SL04,0.90102945,Ki-67- Foxp3- CD4+ T cells (% of CD4s)
BK12442SL03,0.99750625,Ki-67- Foxp3- CD4+ T cells (% of CD4s)
BK00595TS13,0.9627288700000001,Ki-67- Foxp3- CD4+ T cells (% of CD4s)
BK02572TS13,0.9908065,Ki-67- Foxp3- CD4+ T cells (% of CD4s)
BK00177TS13,0.99206734,Ki-67- Foxp3- CD4+ T cells (% of CD4s)
BK00605TS03,0.98857005,Ki-67- Foxp3- CD4+ T cells (% of CD4s)
BK00572TS02,0.9890153500000001,Ki-67- Foxp3- CD4+ T cells (% of CD4s)
BK02573TS12,0.97068405,Ki-67- Foxp3- CD4+ T cells (% of CD4s)
BK02561TS12,0.984512955,Ki-67- Foxp3- CD4+ T cells (% of CD4s)
BK02574TS12,0.98743502,Ki-67- Foxp3- CD4+ T cells (% of CD4s)
BK02563TS14,0.9702073,Ki-67- Foxp3- CD4+ T cells (% of CD4s)
BK02570TS13,0.98932385,Ki-67- Foxp3- CD4+ T cells (% of CD4s)
BK02571TS12,0.9915582549999999,Ki-67- Foxp3- CD4+ T cells (% of CD4s)
BK12448SL13,0.99219966,Ki-67- Foxp3- CD4+ T cells (% of CD4s)
BK02564TS12,0.966865095,Ki-67- Foxp3- CD4+ T cells (% of CD4s)
BK12444SL12,0.9953880500000001,Ki-67- Foxp3- CD4+ T cells (% of CD4s)
BK00451BL02_SL18,0.9228055,Ki-67- Foxp3- CD4+ T cells (% of CD4s)
BK00452BL01-14,0.95300263,Ki-67- Foxp3- CD4+ T cells (% of CD4s)
BK00419BL01-13,0.9722242249999999,Ki-67- Foxp3- CD4+ T cells (% of CD4s)
BK02567SL02,0.759375,Ki-67- Foxp3- CD4+ T cells (% of CD4s)
BK02589BL01-13,0.9768485250000001,Ki-67- Foxp3- CD4+ T cells (% of CD4s)
BK01180BL01-12,0.989597075,Ki-67- Foxp3- CD4+ T cells (% of CD4s)
BK02566BL02-13,1,Ki-67- Foxp3- CD4+ T cells (% of CD4s)
BK01179SL02,0.93673217,Ki-67- Foxp3- CD4+ T cells (% of CD4s)
K01119FP01-13,0.9722222,Ki-67- Foxp3- CD4+ T cells (% of CD4s)
PICI0002_A00_K02111FP01_SSL_A05,0.98241606,Ki-67- Foxp3- CD4+ T cells (% of CD4s)
BK00155TS06,0.959733,Ki-67- Foxp3- CD4+ T cells (% of CD4s)
BK00385TS13,0.9203042,Ki-67- Foxp3- CD4+ T cells (% of CD4s)
BK00430TS13,0.9467996000000001,Ki-67- Foxp3- CD4+ T cells (% of CD4s)
BK00551TS02,1,Ki-67- Foxp3- CD4+ T cells (% of CD4s)
BK00441TS03,0.9820857,Ki-67- Foxp3- CD4+ T cells (% of CD4s)
BK00364TS13,0.97604672,Ki-67- Foxp3- CD4+ T cells (% of CD4s)
BK01182BL02-2,0.99130434,Ki-67- Foxp3- CD4+ T cells (% of CD4s)
BK00550BL01-13,0.97008544,Ki-67- Foxp3- CD4+ T cells (% of CD4s)
PICI0002_A00_K02147FP01_SSL_A04,0.99756238,Ki-67- Foxp3- CD4+ T cells (% of CD4s)
BK01184BL01-13,0.9929578,Ki-67- Foxp3- CD4+ T cells (% of CD4s)
BK01194TS11,0.9980315,Ki-67- Foxp3- CD4+ T cells (% of CD4s)
BK00078BL01-13,0.964316,Ki-67- Foxp3- CD4+ T cells (% of CD4s)
BK02625BL01-13,0.98840773,Ki-67- Foxp3- CD4+ T cells (% of CD4s)
BK00341BL01-12,0.9820107849999999,Ki-67- Foxp3- CD4+ T cells (% of CD4s)
A263BQ483-001,0.9174455,Ki-67- Foxp3- CD4+ T cells (% of CD4s)
BK02630BL02-2,0.9932773,Ki-67- Foxp3- CD4+ T cells (% of CD4s)
A135BS721-001,0.98738736,Ki-67- Foxp3- CD4+ T cells (% of CD4s)
K02145FP01-13,0.98594001,Ki-67- Foxp3- CD4+ T cells (% of CD4s)
BK02594BL01-13,0.9796764499999999,Ki-67- Foxp3- CD4+ T cells (% of CD4s)
BK01178BL02-2,0.981762575,Ki-67- Foxp3- CD4+ T cells (% of CD4s)
BK13862BL01_SL02,0.9867725,Ki-67- Foxp3- CD4+ T cells (% of CD4s)
BK00276SL02,0.99583334,Ki-67- Foxp3- CD4+ T cells (% of CD4s)
BK01199BL01_SL02,0.9875445,Ki-67- Foxp3- CD4+ T cells (% of CD4s)
BK01232SL02,0.9978701,Ki-67- Foxp3- CD4+ T cells (% of CD4s)
11217-051_1_1-13,0.9975466,Ki-67- Foxp3- CD4+ T cells (% of CD4s)
11217-052_1_1-12,0.9916166,Ki-67- Foxp3- CD4+ T cells (% of CD4s)
BK01190SL02,0.95480016,Ki-67- Foxp3- CD4+ T cells (% of CD4s)
BK13860BL01_SL04,1,Ki-67- Foxp3- CD4+ T cells (% of CD4s)
BK00540BL01-13,0.9299363,Ki-67- Foxp3- CD4+ T cells (% of CD4s)
PS-19-00036411-A-33,0.9931437000000001,Ki-67- Foxp3- CD4+ T cells (% of CD4s)
SP19 7131 A1-13,0.9859155,Ki-67- Foxp3- CD4+ T cells (% of CD4s)
A222BO498-001,0.99260768,Ki-67- Foxp3- CD4+ T cells (% of CD4s)
BK00473BL02-13,0.9166667,Ki-67- Foxp3- CD4+ T cells (% of CD4s)
BK00090BL02-13,0.9886364,Ki-67- Foxp3- CD4+ T cells (% of CD4s)
BK01183BL02-13,0.9610895,Ki-67- Foxp3- CD4+ T cells (% of CD4s)
BK02587TS02,0.99704712,Ki-67- Foxp3- CD4+ T cells (% of CD4s)
BK02593BL02-12,0.977413725,Ki-67- Foxp3- CD4+ T cells (% of CD4s)
BK00286BL01-14,0.034774438,CD80- macrophages (% of total cells)
BK00254BL01-14,0.21732198000000003,CD80- macrophages (% of total cells)
BK00506TS13,0.024704484,CD80- macrophages (% of total cells)
BK00309BL01-14,0.067015785,CD80- macrophages (% of total cells)
BK00507BL01-14,0.1028632,CD80- macrophages (% of total cells)
BK00496TS14,0.043209877,CD80- macrophages (% of total cells)
BK00529BL01-14,0.061501745,CD80- macrophages (% of total cells)
BK02569BL01-14,0.08014101,CD80- macrophages (% of total cells)
BK02577TS01-14,0.05419929,CD80- macrophages (% of total cells)
BK02580TS03,0.056016598,CD80- macrophages (% of total cells)
BK02579SL14,0.09271663050000001,CD80- macrophages (% of total cells)
BK02657BL01-14,0.065953135,CD80- macrophages (% of total cells)
BK00363BL02-3,0.12224856,CD80- macrophages (% of total cells)
OSP19-2304S32COLI,0.01483886015,CD80- macrophages (% of total cells)
BK02527TS03,0.0037604391,CD80- macrophages (% of total cells)
BK02598BL02-3,0.055964141499999995,CD80- macrophages (% of total cells)
PICI0002_A00_K02121FP01_SSL_A14,0.08288244,CD80- macrophages (% of total cells)
BK00583TS14,0.020235775,CD80- macrophages (% of total cells)
BK00287BL01-13,0.153139085,CD80- macrophages (% of total cells)
BK00463BL01-14,0.08920628,CD80- macrophages (% of total cells)
BK00594BL01-13,0.1812059,CD80- macrophages (% of total cells)
BK00595TS14,0.12095238,CD80- macrophages (% of total cells)
BK02570TS14,0.26355556,CD80- macrophages (% of total cells)
BK00452BL01-13,0.13704757,CD80- macrophages (% of total cells)
BK01180BL01-13,0.03732096,CD80- macrophages (% of total cells)
BK02566BL02-14,0.3559063,CD80- macrophages (% of total cells)
BK02583BL01-14,0.004697117,CD80- macrophages (% of total cells)
K01119FP01-14,0.0181862045,CD80- macrophages (% of total cells)
BK00155TS07,0.058472555,CD80- macrophages (% of total cells)
BK00231BL01-14,0.1006007,CD80- macrophages (% of total cells)
BK00385TS14,0.036065265,CD80- macrophages (% of total cells)
BK00430TS14,0.154403135,CD80- macrophages (% of total cells)
BK00441TS07,0.0185207635,CD80- macrophages (% of total cells)
BK00364TS14,0.06723134,CD80- macrophages (% of total cells)
BK01182BL02-3,0.14091487,CD80- macrophages (% of total cells)
BK00550BL01-14,0.13591756,CD80- macrophages (% of total cells)
BK02615BL01-14,0.11551155,CD80- macrophages (% of total cells)
PICI0002_A00_K02147FP01_SSL_A05,0.0270243,CD80- macrophages (% of total cells)
BK01184BL01-14,0.1516391,CD80- macrophages (% of total cells)
BK01194TS12,0.1084788,CD80- macrophages (% of total cells)
BK00078BL01-14,0.015097053,CD80- macrophages (% of total cells)
BK02625BL01-14,0.0239891105,CD80- macrophages (% of total cells)
BK00067BL01_SL03,0.15969689,CD80- macrophages (% of total cells)
BK00341BL01-13,0.24721754,CD80- macrophages (% of total cells)
BK00342BL01-14,0.02361782,CD80- macrophages (% of total cells)
A263BQ486-001,0.11181602,CD80- macrophages (% of total cells)
BK02630BL02-3,0.060894143,CD80- macrophages (% of total cells)
A135BS727-001,0.0166479695,CD80- macrophages (% of total cells)
BK02648BL01-14,0.0195165275,CD80- macrophages (% of total cells)
BK02618BL01-14,0.040570177,CD80- macrophages (% of total cells)
K00968BL01_SL03,0.12569833,CD80- macrophages (% of total cells)
BK13861BL01_SL03,0.0084386647,CD80- macrophages (% of total cells)
K02145FP01-14,0.08860584,CD80- macrophages (% of total cells)
BK02594BL01-14,0.0329582,CD80- macrophages (% of total cells)
BK00331BL01_SL04,0.088823095,CD80- macrophages (% of total cells)
BK01178BL02-3,0.163651265,CD80- macrophages (% of total cells)
BK13862BL01_SL04,0.12607983,CD80- macrophages (% of total cells)
BK00276SL03,0.068785675,CD80- macrophages (% of total cells)
BK01199BL01_SL03,0.1605317,CD80- macrophages (% of total cells)
BK02608BL01-14,0.106772522,CD80- macrophages (% of total cells)
BK02623BL02-3,0.08516864,CD80- macrophages (% of total cells)
BK01232SL03,0.02191441,CD80- macrophages (% of total cells)
11217-051_1_1-14,0.16971939,CD80- macrophages (% of total cells)
11217-052_1_1-13,0.27413645,CD80- macrophages (% of total cells)
BK01190SL03,0.12854442,CD80- macrophages (% of total cells)
BK13860BL01_SL03,0.08939096,CD80- macrophages (% of total cells)
BK00540BL01-14,0.116220735,CD80- macrophages (% of total cells)
SP19 7131 A1-14,0.139206675,CD80- macrophages (% of total cells)
A222BO507-001,0.10975472,CD80- macrophages (% of total cells)
BK00473BL02-14,0.08223137750000001,CD80- macrophages (% of total cells)
BK00090BL02-14,0.0752316275,CD80- macrophages (% of total cells)
BK01183BL02-14,0.17261811500000002,CD80- macrophages (% of total cells)
BK02586TS14,0.1039261,CD80- macrophages (% of total cells)
BK02587TS04,0.055953723,CD80- macrophages (% of total cells)
BK02655BL01-13,0.13192347,CD80- macrophages (% of total cells)
A799BS875-001,0.08050277,CD80- macrophages (% of total cells)
BK02593BL02-13,0.15070695,CD80- macrophages (% of total cells)
BK00286BL01-14,0.015259049,iNOS+ macrophages (% of total cells)
BK00254BL01-14,0.038442876,iNOS+ macrophages (% of total cells)
BK00506TS13,0.040235320000000005,iNOS+ macrophages (% of total cells)
BK00309BL01-14,2.0202021e-4,iNOS+ macrophages (% of total cells)
BK00507BL01-14,0,iNOS+ macrophages (% of total cells)
BK00496TS14,0.001931745,iNOS+ macrophages (% of total cells)
BK00529BL01-14,0.011022044,iNOS+ macrophages (% of total cells)
BK02569BL01-14,8.7229585e-5,iNOS+ macrophages (% of total cells)
BK02577TS01-14,1.6281342e-4,iNOS+ macrophages (% of total cells)
BK02580TS03,3.9190266e-4,iNOS+ macrophages (% of total cells)
BK02579SL14,2.142704e-4,iNOS+ macrophages (% of total cells)
BK02657BL01-14,0.019236332,iNOS+ macrophages (% of total cells)
BK00363BL02-3,0,iNOS+ macrophages (% of total cells)
OSP19-2304S32COLI,1.3550135e-4,iNOS+ macrophages (% of total cells)
BK02527TS03,9.1911765e-4,iNOS+ macrophages (% of total cells)
BK02598BL02-3,0,iNOS+ macrophages (% of total cells)
PICI0002_A00_K02121FP01_SSL_A14,2.08745645e-4,iNOS+ macrophages (% of total cells)
BK00583TS14,0,iNOS+ macrophages (% of total cells)
BK00287BL01-13,4.4984257e-4,iNOS+ macrophages (% of total cells)
BK00463BL01-14,1.3700507e-4,iNOS+ macrophages (% of total cells)
BK00594BL01-13,5.7510925e-5,iNOS+ macrophages (% of total cells)
BK00595TS14,0.00286147715,iNOS+ macrophages (% of total cells)
BK02570TS14,8.888889e-4,iNOS+ macrophages (% of total cells)
BK00452BL01-13,4.0666937e-4,iNOS+ macrophages (% of total cells)
BK01180BL01-13,7.5258705e-4,iNOS+ macrophages (% of total cells)
BK02566BL02-14,0.0016656256,iNOS+ macrophages (% of total cells)
BK02583BL01-14,0,iNOS+ macrophages (% of total cells)
K01119FP01-14,9.919084999999998e-4,iNOS+ macrophages (% of total cells)
BK00155TS07,0.002967359,iNOS+ macrophages (% of total cells)
BK00231BL01-14,0.0057034222,iNOS+ macrophages (% of total cells)
BK00385TS14,0.007531538000000001,iNOS+ macrophages (% of total cells)
BK00430TS14,4.112352e-4,iNOS+ macrophages (% of total cells)
BK00441TS07,0,iNOS+ macrophages (% of total cells)
BK00364TS14,0,iNOS+ macrophages (% of total cells)
BK01182BL02-3,0.0012605042,iNOS+ macrophages (% of total cells)
BK00550BL01-14,0,iNOS+ macrophages (% of total cells)
BK02615BL01-14,0.008700696,iNOS+ macrophages (% of total cells)
PICI0002_A00_K02147FP01_SSL_A05,0.001086015,iNOS+ macrophages (% of total cells)
BK01184BL01-14,0.00261345495,iNOS+ macrophages (% of total cells)
BK01194TS12,0,iNOS+ macrophages (% of total cells)
BK00078BL01-14,4.453351e-4,iNOS+ macrophages (% of total cells)
BK02625BL01-14,0,iNOS+ macrophages (% of total cells)
BK00067BL01_SL03,6.5033603e-4,iNOS+ macrophages (% of total cells)
BK00341BL01-13,0.011900714,iNOS+ macrophages (% of total cells)
BK00342BL01-14,0,iNOS+ macrophages (% of total cells)
A263BQ486-001,0,iNOS+ macrophages (% of total cells)
BK02630BL02-3,0.00370584785,iNOS+ macrophages (% of total cells)
A135BS727-001,2.3189105e-4,iNOS+ macrophages (% of total cells)
BK02648BL01-14,0,iNOS+ macrophages (% of total cells)
BK02618BL01-14,3.166561e-4,iNOS+ macrophages (% of total cells)
K00968BL01_SL03,0,iNOS+ macrophages (% of total cells)
BK13861BL01_SL03,0,iNOS+ macrophages (% of total cells)
K02145FP01-14,0,iNOS+ macrophages (% of total cells)
BK02594BL01-14,0,iNOS+ macrophages (% of total cells)
BK00331BL01_SL04,0.0010660981,iNOS+ macrophages (% of total cells)
BK01178BL02-3,3.3090668e-4,iNOS+ macrophages (% of total cells)
BK13862BL01_SL04,6.9156295e-4,iNOS+ macrophages (% of total cells)
BK00276SL03,1.9398642e-4,iNOS+ macrophages (% of total cells)
BK01199BL01_SL03,5.40587975e-4,iNOS+ macrophages (% of total cells)
BK02608BL01-14,7.5018755e-4,iNOS+ macrophages (% of total cells)
BK02623BL02-3,0.0016262812500000001,iNOS+ macrophages (% of total cells)
BK01232SL03,0,iNOS+ macrophages (% of total cells)
11217-051_1_1-14,1.57381175e-4,iNOS+ macrophages (% of total cells)
11217-052_1_1-13,3.11591625e-4,iNOS+ macrophages (% of total cells)
BK01190SL03,0.0027175606999999997,iNOS+ macrophages (% of total cells)
BK13860BL01_SL03,0,iNOS+ macrophages (% of total cells)
BK00540BL01-14,2.258356e-4,iNOS+ macrophages (% of total cells)
SP19 7131 A1-14,0,iNOS+ macrophages (% of total cells)
A222BO507-001,1.18343196e-4,iNOS+ macrophages (% of total cells)
BK00473BL02-14,0.0018610422,iNOS+ macrophages (% of total cells)
BK00090BL02-14,2.6838432e-4,iNOS+ macrophages (% of total cells)
BK01183BL02-14,0.0010677648,iNOS+ macrophages (% of total cells)
BK02586TS14,0.01897019,iNOS+ macrophages (% of total cells)
BK02587TS04,5.2429225e-4,iNOS+ macrophages (% of total cells)
BK02655BL01-13,0.008503973,iNOS+ macrophages (% of total cells)
A799BS875-001,0.0010474338,iNOS+ macrophages (% of total cells)
BK02593BL02-13,0.003717472,iNOS+ macrophages (% of total cells)
BK00286BL01-14,0.004454343,PD-L1- macrophages (% of total cells)
BK00254BL01-14,0.22624039499999998,PD-L1- macrophages (% of total cells)
BK00506TS13,0.0036591190999999998,PD-L1- macrophages (% of total cells)
BK00309BL01-14,0.028841389500000002,PD-L1- macrophages (% of total cells)
BK00507BL01-14,0.0980912,PD-L1- macrophages (% of total cells)
BK00496TS14,0.04359568,PD-L1- macrophages (% of total cells)
BK00529BL01-14,0.05783,PD-L1- macrophages (% of total cells)
BK02569BL01-14,0.074218855,PD-L1- macrophages (% of total cells)
BK02577TS01-14,0.04759687,PD-L1- macrophages (% of total cells)
BK02580TS03,0.037870854,PD-L1- macrophages (% of total cells)
BK02579SL14,0.0562912275,PD-L1- macrophages (% of total cells)
BK02657BL01-14,0.06436216,PD-L1- macrophages (% of total cells)
BK00363BL02-3,0.03352523,PD-L1- macrophages (% of total cells)
OSP19-2304S32COLI,0.01496423665,PD-L1- macrophages (% of total cells)
BK02527TS03,0.0022065235499999997,PD-L1- macrophages (% of total cells)
BK02598BL02-3,0.0519820635,PD-L1- macrophages (% of total cells)
PICI0002_A00_K02121FP01_SSL_A14,0.08008246,PD-L1- macrophages (% of total cells)
BK00583TS14,0.020050125,PD-L1- macrophages (% of total cells)
BK00287BL01-13,0.1715265,PD-L1- macrophages (% of total cells)
BK00463BL01-14,0.06610429,PD-L1- macrophages (% of total cells)
BK00594BL01-13,0.18778063,PD-L1- macrophages (% of total cells)
BK00595TS14,0.12607142,PD-L1- macrophages (% of total cells)
BK02570TS14,0.15866667,PD-L1- macrophages (% of total cells)
BK00452BL01-13,0.06940491,PD-L1- macrophages (% of total cells)
BK01180BL01-13,0.041153923,PD-L1- macrophages (% of total cells)
BK02566BL02-14,0.33503056,PD-L1- macrophages (% of total cells)
BK02583BL01-14,0.005506965,PD-L1- macrophages (% of total cells)
K01119FP01-14,0.0181862045,PD-L1- macrophages (% of total cells)
BK00155TS07,0.058472555,PD-L1- macrophages (% of total cells)
BK00231BL01-14,0.09817435,PD-L1- macrophages (% of total cells)
BK00385TS14,0.034674961000000004,PD-L1- macrophages (% of total cells)
BK00430TS14,0.15243668999999999,PD-L1- macrophages (% of total cells)
BK00441TS07,0.0185207635,PD-L1- macrophages (% of total cells)
BK00364TS14,0.074666664,PD-L1- macrophages (% of total cells)
BK01182BL02-3,0.14483887,PD-L1- macrophages (% of total cells)
BK00550BL01-14,0.13346419,PD-L1- macrophages (% of total cells)
BK02615BL01-14,0.10130246,PD-L1- macrophages (% of total cells)
PICI0002_A00_K02147FP01_SSL_A05,0.0271780275,PD-L1- macrophages (% of total cells)
BK01184BL01-14,0.15022456,PD-L1- macrophages (% of total cells)
BK01194TS12,0.10889443,PD-L1- macrophages (% of total cells)
BK00078BL01-14,0.015097053,PD-L1- macrophages (% of total cells)
BK02625BL01-14,0.0239891105,PD-L1- macrophages (% of total cells)
BK00067BL01_SL03,0.14341846,PD-L1- macrophages (% of total cells)
BK00341BL01-13,0.2682589,PD-L1- macrophages (% of total cells)
BK00342BL01-14,0.025764896,PD-L1- macrophages (% of total cells)
A263BQ486-001,0.08329947,PD-L1- macrophages (% of total cells)
BK02630BL02-3,0.064666204,PD-L1- macrophages (% of total cells)
A135BS727-001,0.020179351999999998,PD-L1- macrophages (% of total cells)
BK02648BL01-14,0.0176415275,PD-L1- macrophages (% of total cells)
BK02618BL01-14,0.039265357,PD-L1- macrophages (% of total cells)
K00968BL01_SL03,0.1088,PD-L1- macrophages (% of total cells)
BK13861BL01_SL03,0.0084386647,PD-L1- macrophages (% of total cells)
K02145FP01-14,0.078765105,PD-L1- macrophages (% of total cells)
BK02594BL01-14,0.031618435,PD-L1- macrophages (% of total cells)
BK00331BL01_SL04,0.088823095,PD-L1- macrophages (% of total cells)
BK01178BL02-3,0.14990091,PD-L1- macrophages (% of total cells)
BK13862BL01_SL04,0.10847387750000001,PD-L1- macrophages (% of total cells)
BK00276SL03,0.06915332,PD-L1- macrophages (% of total cells)
BK01199BL01_SL03,0.1605317,PD-L1- macrophages (% of total cells)
BK02608BL01-14,0.106772522,PD-L1- macrophages (% of total cells)
BK02623BL02-3,0.08334382,PD-L1- macrophages (% of total cells)
BK01232SL03,0.02150093,PD-L1- macrophages (% of total cells)
11217-051_1_1-14,0.14397670499999998,PD-L1- macrophages (% of total cells)
11217-052_1_1-13,0.19911502,PD-L1- macrophages (% of total cells)
BK01190SL03,0.08648393,PD-L1- macrophages (% of total cells)
BK13860BL01_SL03,0.06777996,PD-L1- macrophages (% of total cells)
BK00540BL01-14,0.11226676,PD-L1- macrophages (% of total cells)
SP19 7131 A1-14,0.125425765,PD-L1- macrophages (% of total cells)
A222BO507-001,0.106702834,PD-L1- macrophages (% of total cells)
BK00473BL02-14,0.078704902,PD-L1- macrophages (% of total cells)
BK00090BL02-14,0.07446831000000001,PD-L1- macrophages (% of total cells)
BK01183BL02-14,0.1639425,PD-L1- macrophages (% of total cells)
BK02586TS14,0.12817553,PD-L1- macrophages (% of total cells)
BK02587TS04,0.055877698,PD-L1- macrophages (% of total cells)
BK02655BL01-13,0.12934989,PD-L1- macrophages (% of total cells)
A799BS875-001,0.0813228,PD-L1- macrophages (% of total cells)
BK02593BL02-13,0.12216405,PD-L1- macrophages (% of total cells)
BK00286BL01-14,0.78552276,PD-L1+ Tumor Cells (% of tumor cells)
BK00254BL01-14,0.1275736625,PD-L1+ Tumor Cells (% of tumor cells)
BK00506TS13,0.820948075,PD-L1+ Tumor Cells (% of tumor cells)
BK00309BL01-14,0.180569525,PD-L1+ Tumor Cells (% of tumor cells)
BK00507BL01-14,0.0029850747,PD-L1+ Tumor Cells (% of tumor cells)
BK00496TS14,0.39917013,PD-L1+ Tumor Cells (% of tumor cells)
BK00529BL01-14,0.001396648,PD-L1+ Tumor Cells (% of tumor cells)
BK02569BL01-14,0.00862069,PD-L1+ Tumor Cells (% of tumor cells)
BK02577TS01-14,0.00967537825,PD-L1+ Tumor Cells (% of tumor cells)
BK02580TS03,0.07874763,PD-L1+ Tumor Cells (% of tumor cells)
BK02579SL14,0.202915565,PD-L1+ Tumor Cells (% of tumor cells)
BK02657BL01-14,0.008860012,PD-L1+ Tumor Cells (% of tumor cells)
BK00363BL02-3,0.03139357,PD-L1+ Tumor Cells (% of tumor cells)
OSP19-2304S32COLI,0.039464101,PD-L1+ Tumor Cells (% of tumor cells)
BK02527TS03,0.016261522,PD-L1+ Tumor Cells (% of tumor cells)
BK02598BL02-3,0.004709078,PD-L1+ Tumor Cells (% of tumor cells)
PICI0002_A00_K02121FP01_SSL_A14,0.0013152126,PD-L1+ Tumor Cells (% of tumor cells)
BK00583TS14,7.0175575e-4,PD-L1+ Tumor Cells (% of tumor cells)
BK00287BL01-13,0.0600298735,PD-L1+ Tumor Cells (% of tumor cells)
BK00463BL01-14,0.4644783,PD-L1+ Tumor Cells (% of tumor cells)
BK00594BL01-13,0.051395938,PD-L1+ Tumor Cells (% of tumor cells)
BK00595TS14,0.15075722,PD-L1+ Tumor Cells (% of tumor cells)
BK02570TS14,0.942959,PD-L1+ Tumor Cells (% of tumor cells)
BK00452BL01-13,0.15922464,PD-L1+ Tumor Cells (% of tumor cells)
BK01180BL01-13,0.0048717116,PD-L1+ Tumor Cells (% of tumor cells)
BK02566BL02-14,0.0116959065,PD-L1+ Tumor Cells (% of tumor cells)
BK02583BL01-14,0.0016483517,PD-L1+ Tumor Cells (% of tumor cells)
K01119FP01-14,0,PD-L1+ Tumor Cells (% of tumor cells)
BK00155TS07,0.00834120365,PD-L1+ Tumor Cells (% of tumor cells)
BK00231BL01-14,0.00467222045,PD-L1+ Tumor Cells (% of tumor cells)
BK00385TS14,0.23719042,PD-L1+ Tumor Cells (% of tumor cells)
BK00430TS14,0.0016360989,PD-L1+ Tumor Cells (% of tumor cells)
BK00441TS07,3.0543678e-4,PD-L1+ Tumor Cells (% of tumor cells)
BK00364TS14,0.029457364,PD-L1+ Tumor Cells (% of tumor cells)
BK01182BL02-3,0.01380981675,PD-L1+ Tumor Cells (% of tumor cells)
BK00550BL01-14,0.006122449,PD-L1+ Tumor Cells (% of tumor cells)
BK02615BL01-14,0.027833002,PD-L1+ Tumor Cells (% of tumor cells)
PICI0002_A00_K02147FP01_SSL_A05,0.0010962296750000001,PD-L1+ Tumor Cells (% of tumor cells)
BK01184BL01-14,0.005146394449999999,PD-L1+ Tumor Cells (% of tumor cells)
BK01194TS12,0.0023053176999999997,PD-L1+ Tumor Cells (% of tumor cells)
BK00078BL01-14,0.007546411499999999,PD-L1+ Tumor Cells (% of tumor cells)
BK02625BL01-14,0,PD-L1+ Tumor Cells (% of tumor cells)
BK00067BL01_SL03,0.006548176,PD-L1+ Tumor Cells (% of tumor cells)
BK00341BL01-13,0.001968504,PD-L1+ Tumor Cells (% of tumor cells)
BK00342BL01-14,0.0058181817,PD-L1+ Tumor Cells (% of tumor cells)
A263BQ486-001,0.023417173,PD-L1+ Tumor Cells (% of tumor cells)
BK02630BL02-3,0.00993228,PD-L1+ Tumor Cells (% of tumor cells)
A135BS727-001,0.00175628335,PD-L1+ Tumor Cells (% of tumor cells)
BK02648BL01-14,0.019619248000000002,PD-L1+ Tumor Cells (% of tumor cells)
BK02618BL01-14,0.028472545499999998,PD-L1+ Tumor Cells (% of tumor cells)
K00968BL01_SL03,0.010526316,PD-L1+ Tumor Cells (% of tumor cells)
BK13861BL01_SL03,0.0146726865,PD-L1+ Tumor Cells (% of tumor cells)
K02145FP01-14,0.0242333625,PD-L1+ Tumor Cells (% of tumor cells)
BK02594BL01-14,0.040659342,PD-L1+ Tumor Cells (% of tumor cells)
BK00331BL01_SL04,0.03257745,PD-L1+ Tumor Cells (% of tumor cells)
BK01178BL02-3,0.0510507115,PD-L1+ Tumor Cells (% of tumor cells)
BK13862BL01_SL04,0.016432514500000002,PD-L1+ Tumor Cells (% of tumor cells)
BK00276SL03,0.0038535646,PD-L1+ Tumor Cells (% of tumor cells)
BK01199BL01_SL03,0.0102219495,PD-L1+ Tumor Cells (% of tumor cells)
BK02608BL01-14,0.00710904235,PD-L1+ Tumor Cells (% of tumor cells)
BK02623BL02-3,0.005511143499999999,PD-L1+ Tumor Cells (% of tumor cells)
BK01232SL03,0.04018623,PD-L1+ Tumor Cells (% of tumor cells)
11217-051_1_1-14,0.0460528085,PD-L1+ Tumor Cells (% of tumor cells)
11217-052_1_1-13,0.046788869999999996,PD-L1+ Tumor Cells (% of tumor cells)
BK01190SL03,0.023400936,PD-L1+ Tumor Cells (% of tumor cells)
BK13860BL01_SL03,0.05203938,PD-L1+ Tumor Cells (% of tumor cells)
BK00540BL01-14,0.00487474215,PD-L1+ Tumor Cells (% of tumor cells)
SP19 7131 A1-14,0.030899547,PD-L1+ Tumor Cells (% of tumor cells)
A222BO507-001,0.019307707,PD-L1+ Tumor Cells (% of tumor cells)
BK00473BL02-14,0.001576044675,PD-L1+ Tumor Cells (% of tumor cells)
BK00090BL02-14,0.001529052,PD-L1+ Tumor Cells (% of tumor cells)
BK01183BL02-14,0.0141190495,PD-L1+ Tumor Cells (% of tumor cells)
BK02586TS14,0.006960557,PD-L1+ Tumor Cells (% of tumor cells)
BK02587TS04,0.0062765089999999996,PD-L1+ Tumor Cells (% of tumor cells)
BK02655BL01-13,0.099378884,PD-L1+ Tumor Cells (% of tumor cells)
A799BS875-001,0.0053821313,PD-L1+ Tumor Cells (% of tumor cells)
BK02593BL02-13,0.059760958,PD-L1+ Tumor Cells (% of tumor cells)
